{
  "evaluation_timestamp": "2025-08-29T22:18:32.181322",
  "test_samples": 164,
  "metrics": {
    "rmse": 1.3908128504371466,
    "mae": 1.150180697441101,
    "mse": 1.934360384941101,
    "directional_accuracy": 50.0,
    "r_squared": -0.6830394268035889,
    "mape": 413.049560546875
  },
  "prediction_statistics": {
    "mean_prediction": 0.9354580044746399,
    "std_prediction": 0.1043512150645256,
    "min_prediction": 0.7624198794364929,
    "max_prediction": 1.1142677068710327
  },
  "actual_statistics": {
    "mean_actual": 0.05683363974094391,
    "std_actual": 1.072066068649292,
    "min_actual": -2.7594096660614014,
    "max_actual": 3.016491174697876
  },
  "plot_paths": {
    "scatter": "results/plots/actual_vs_predicted_scatter.png",
    "timeseries": "results/plots/timeseries_comparison.png",
    "residuals": "results/plots/residuals_analysis.png",
    "distributions": "results/plots/distribution_comparison.png"
  },
  "model_type": "bidirectional_lstm"
}