{
  "evaluation_timestamp": "2025-08-30T00:36:07.834050",
  "test_samples": 164,
  "metrics": {
    "rmse": 1.1463248614676378,
    "mae": 0.9188388586044312,
    "mse": 1.3140606880187988,
    "directional_accuracy": 50.0,
    "r_squared": -0.1433318853378296,
    "mape": 236.87762451171875
  },
  "prediction_statistics": {
    "mean_prediction": 0.4752739667892456,
    "std_prediction": 0.07522718608379364,
    "min_prediction": 0.29882875084877014,
    "max_prediction": 0.5964553356170654
  },
  "actual_statistics": {
    "mean_actual": 0.05683363974094391,
    "std_actual": 1.072066068649292,
    "min_actual": -2.7594096660614014,
    "max_actual": 3.016491174697876
  },
  "plot_paths": {
    "scatter": "results/plots/actual_vs_predicted_scatter.png",
    "timeseries": "results/plots/timeseries_comparison.png",
    "residuals": "results/plots/residuals_analysis.png",
    "distributions": "results/plots/distribution_comparison.png"
  },
  "model_type": "bidirectional_lstm"
}