{
  "evaluation_timestamp": "2025-08-30T22:45:47.693500",
  "test_samples": 162,
  "metrics": {
    "rmse": 1.1988347833621913,
    "mae": 0.9746584296226501,
    "mse": 1.4372048377990723,
    "directional_accuracy": 50.617283950617285,
    "r_squared": -0.23623085021972656,
    "mape": 466478.75,
    "smape": 139.7393798828125
  },
  "prediction_statistics": {
    "mean_prediction": 0.5345088243484497,
    "std_prediction": 0.23436826467514038,
    "min_prediction": 0.23153963685035706,
    "max_prediction": 1.0935025215148926
  },
  "actual_statistics": {
    "mean_actual": 0.06015646830201149,
    "std_actual": 1.0782253742218018,
    "min_actual": -2.7594096660614014,
    "max_actual": 3.016491174697876
  },
  "plot_paths": {
    "scatter": "results/plots/actual_vs_predicted_scatter.png",
    "timeseries": "results/plots/timeseries_comparison.png",
    "residuals": "results/plots/residuals_analysis.png",
    "distributions": "results/plots/distribution_comparison.png"
  },
  "model_type": "bidirectional_lstm"
}