{
  "evaluation_timestamp": "2025-08-30T01:20:25.026665",
  "test_samples": 164,
  "metrics": {
    "rmse": 1.2502784418884365,
    "mae": 1.0173184871673584,
    "mse": 1.5631961822509766,
    "directional_accuracy": 50.0,
    "r_squared": -0.3600984811782837,
    "mape": 505615.4375,
    "smape": 134.38479614257812
  },
  "prediction_statistics": {
    "mean_prediction": 0.7045347690582275,
    "std_prediction": 0.09972787648439407,
    "min_prediction": 0.5223156213760376,
    "max_prediction": 0.8491500020027161
  },
  "actual_statistics": {
    "mean_actual": 0.05683363974094391,
    "std_actual": 1.072066068649292,
    "min_actual": -2.7594096660614014,
    "max_actual": 3.016491174697876
  },
  "plot_paths": {
    "scatter": "results/plots/actual_vs_predicted_scatter.png",
    "timeseries": "results/plots/timeseries_comparison.png",
    "residuals": "results/plots/residuals_analysis.png",
    "distributions": "results/plots/distribution_comparison.png"
  },
  "model_type": "bidirectional_lstm"
}