{
  "evaluation_timestamp": "2025-08-30T21:20:15.891595",
  "test_samples": 159,
  "metrics": {
    "rmse": 1.087621193194657,
    "mae": 0.867990255355835,
    "mse": 1.1829198598861694,
    "directional_accuracy": 47.16981132075472,
    "r_squared": -0.026317477226257324,
    "mape": 162519.421875,
    "smape": 165.0968780517578
  },
  "prediction_statistics": {
    "mean_prediction": 0.10981980711221695,
    "std_prediction": 0.16982726752758026,
    "min_prediction": -0.1395847350358963,
    "max_prediction": 0.3931007981300354
  },
  "actual_statistics": {
    "mean_actual": 0.060800109058618546,
    "std_actual": 1.073585867881775,
    "min_actual": -2.7594096660614014,
    "max_actual": 3.016491174697876
  },
  "plot_paths": {
    "scatter": "results/plots/actual_vs_predicted_scatter.png",
    "timeseries": "results/plots/timeseries_comparison.png",
    "residuals": "results/plots/residuals_analysis.png",
    "distributions": "results/plots/distribution_comparison.png"
  },
  "model_type": "bidirectional_lstm"
}